{
  "COLOR_BACKGROUND": "rgb(255, 255, 255)",
  "COLOR_BACKGROUND_ALT": "rgb(245, 245, 245)",
  "COLOR_BACKGROUND_ALT_2": "rgb(238, 238, 238)",
  "COLOR_BACKGROUND_ALT_INVERSE": "rgb(56, 91, 107)",
  "COLOR_BACKGROUND_OVERLAY_INVERSE": "rgba(34, 34, 34, 0.6)",
  "COLOR_BACKGROUND_OVERLAY_CONTAINER": "rgb(136, 136, 136)",
  "COLOR_BACKGROUND_ROW_HOVER": "rgb(245, 245, 245)",
  "COLOR_BACKGROUND_ROW_ACTIVE": "rgb(245, 245, 245)",
  "COLOR_BACKGROUND_ROW_SELECTED": "rgb(217, 234, 245)",
  "COLOR_BACKGROUND_INVERSE": "rgb(56, 91, 107)",
  "COLOR_BACKGROUND_ANCHOR": "rgb(245, 245, 245)",
  "COLOR_BACKGROUND_BROWSER": "rgb(255, 255, 255)",
  "COLOR_BACKGROUND_HIGHLIGHT": "rgb(185, 223, 241)",
  "COLOR_BACKGROUND_MODAL": "rgb(255, 255, 255)",
  "COLOR_BACKGROUND_INPUT": "rgb(255, 255, 255)",
  "COLOR_BACKGROUND_INPUT_ACTIVE": "rgb(255, 255, 255)",
  "COLOR_BACKGROUND_INPUT_DISABLED": "rgb(249, 249, 249)",
  "COLOR_BACKGROUND_INPUT_SEARCH": "rgb(255, 255, 255)",
  "COLOR_BACKGROUND_PILL": "rgb(238, 238, 238)",
  "COLOR_BACKGROUND_ERROR": "rgb(252, 236, 237)",
  "COLOR_BACKGROUND_SUCCESS": "rgb(233, 252, 222)",
  "COLOR_BACKGROUND_WARNING": "rgb(255, 241, 225)",
  "COLOR_BRAND": "linear-gradient(to bottom, #66afe9, #4E8ABE)",
  "COLOR_BRAND_DARK": "linear-gradient(to bottom, #4E8ABE, #3074af)",
  "COLOR_BACKGROUND_BUTTON_BRAND": "linear-gradient(to bottom, #66afe9, #4E8ABE)",
  "COLOR_BACKGROUND_BUTTON_BRAND_ACTIVE": "linear-gradient(to bottom, #4E8ABE, #3074af)",
  "COLOR_BACKGROUND_BUTTON_BRAND_HOVER": "linear-gradient(to bottom, #66afe9, #4E8ABE)",
  "COLOR_BACKGROUND_BUTTON_BRAND_DISABLED": "linear-gradient(to bottom, #66afe9, #4E8ABE)",
  "COLOR_BACKGROUND_BUTTON_DEFAULT": "linear-gradient(to bottom, #FFFFFF, #D9EAF5)",
  "COLOR_BACKGROUND_BUTTON_DEFAULT_HOVER": "linear-gradient(to bottom, #EDF5FA, #D9EAF5)",
  "COLOR_BACKGROUND_MODAL_BRAND": "linear-gradient(to bottom, #66afe9, #4E8ABE)",
  "COLOR_BACKGROUND_BUTTON_DEFAULT_FOCUS": "linear-gradient(to bottom, #FFFFFF, #D9EAF5)",
  "COLOR_BACKGROUND_BUTTON_DEFAULT_DISABLED": "linear-gradient(to bottom, #FFFFFF, #D9EAF5)",
  "COLOR_BACKGROUND_BUTTON_ICON": "linear-gradient(to bottom, #FFFFFF, #D9EAF5)",
  "COLOR_BACKGROUND_BUTTON_ICON_HOVER": "linear-gradient(to bottom, #EDF5FA, #D9EAF5)",
  "COLOR_BACKGROUND_BUTTON_ICON_FOCUS": "linear-gradient(to bottom, #FFFFFF, #D9EAF5)",
  "COLOR_BACKGROUND_BUTTON_ICON_ACTIVE": "linear-gradient(to bottom, #EDF5FA, #D9EAF5)",
  "COLOR_BACKGROUND_BUTTON_ICON_DISABLED": "linear-gradient(to bottom, #FFFFFF, #D9EAF5)",
  "BORDER_WIDTH_THIN": "1px",
  "BORDER_WIDTH_THICK": "2px",
  "BORDER_RADIUS_SMALL": ".125rem",
  "BORDER_RADIUS_MEDIUM": ".25rem",
  "BORDER_RADIUS_LARGE": ".5rem",
  "BORDER_RADIUS_PILL": "15rem",
  "BORDER_RADIUS_CIRCLE": "50%",
  "COLOR_BORDER": "rgb(221, 221, 221)",
  "COLOR_BORDER_ERROR": "rgb(238, 103, 103)",
  "COLOR_BORDER_SUCCESS": "rgb(75, 202, 129)",
  "COLOR_BORDER_WARNING": "rgb(255, 181, 94)",
  "COLOR_BORDER_TAB_SELECTED": "rgb(221, 221, 221)",
  "COLOR_BORDER_SEPARATOR": "rgb(221, 221, 221)",
  "COLOR_BORDER_ROW_SELECTED": "rgb(204, 204, 204)",
  "COLOR_BORDER_ROW_SELECTED_HOVER": "rgb(204, 204, 204)",
  "COLOR_BORDER_SELECTION": "rgb(204, 204, 204)",
  "COLOR_BORDER_SELECTION_HOVER": "rgb(204, 204, 204)",
  "COLOR_BORDER_SELECTION_ACTIVE": "rgb(204, 204, 204)",
  "COLOR_BORDER_BUTTON_BRAND": "rgb(255, 255, 255)",
  "COLOR_BORDER_BUTTON_BRAND_DISABLED": "rgb(255, 255, 255)",
  "COLOR_BORDER_BUTTON_DEFAULT": "rgb(170, 170, 170)",
  "COLOR_BORDER_INPUT": "rgb(204, 204, 204)",
  "COLOR_BORDER_INPUT_FOCUS": "rgb(102, 175, 233)",
  "COLOR_BORDER_INPUT_DISABLED": "rgb(204, 204, 204)",
  "FONT_FAMILY": "Arial, sans-serif",
  "FONT_FAMILY_BODY": "Arial, sans-serif",
  "FONT_FAMILY_ALT": "Georgia, Times New Roman, Times, serif",
  "FONT_FAMILY_MONO": "Menlo, Monaco, Consolas, 'Courier New', monospace",
  "FONT_WEIGHT_LIGHT": "300",
  "FONT_WEIGHT_REGULAR": "400",
  "FONT_WEIGHT_BOLD": "700",
  "FONT_SIZE_X_SMALL": "10px",
  "FONT_SIZE_SMALL": "12px",
  "FONT_SIZE_MEDIUM": "16px",
  "FONT_SIZE_LARGE": "20px",
  "FONT_SIZE_X_LARGE": "24px",
  "FONT_SIZE_XX_LARGE": "32px",
  "FONT_SIZE_BASE": "11px",
  "FONT_SIZE_BASE_MEDIUM": "14px",
  "SPACING_XXX_SMALL": "2px",
  "SPACING_XX_SMALL": "4px",
  "SPACING_X_SMALL": "8px",
  "SPACING_SMALL": "12px",
  "SPACING_MEDIUM": "16px",
  "SPACING_LARGE": "24px",
  "SPACING_X_LARGE": "32px",
  "COLOR_TEXT_BUTTON_BRAND": "rgb(255, 255, 255)",
  "COLOR_TEXT_BUTTON_BRAND_HOVER": "rgb(255, 255, 255)",
  "COLOR_TEXT_BUTTON_BRAND_ACTIVE": "rgb(255, 255, 255)",
  "COLOR_TEXT_BUTTON_BRAND_DISABLED": "rgb(255, 255, 255)",
  "COLOR_TEXT_BUTTON_DEFAULT": "rgb(78, 138, 190)",
  "COLOR_TEXT_BUTTON_DEFAULT_HOVER": "rgb(78, 138, 190)",
  "COLOR_TEXT_BUTTON_DEFAULT_ACTIVE": "rgb(78, 138, 190)",
  "COLOR_TEXT_BUTTON_DEFAULT_DISABLED": "rgb(78, 138, 190)",
  "COLOR_TEXT_ACTION_LABEL": "rgb(78, 138, 190)",
  "COLOR_TEXT_ACTION_LABEL_ACTIVE": "rgb(78, 138, 190)",
  "COLOR_TEXT_BROWSER": "rgb(34, 34, 34)",
  "COLOR_TEXT_DEFAULT": "rgb(34, 34, 34)",
  "COLOR_TEXT_ERROR": "rgb(194, 57, 52)",
  "COLOR_TEXT_INPUT_DISABLED": "rgb(85, 85, 85)",
  "COLOR_TEXT_INVERSE": "rgb(255, 255, 255)",
  "COLOR_TEXT_INVERSE_ACTIVE": "rgb(255, 255, 255)",
  "COLOR_TEXT_INVERSE_HOVER": "rgb(255, 255, 255)",
  "COLOR_TEXT_LINK": "rgb(48, 116, 175)",
  "COLOR_TEXT_LINK_ACTIVE": "rgb(48, 116, 175)",
  "COLOR_TEXT_LINK_DISABLED": "rgb(119, 119, 119)",
  "COLOR_TEXT_LINK_FOCUS": "rgb(48, 116, 175)",
  "COLOR_TEXT_LINK_HOVER": "rgb(48, 116, 175)",
  "COLOR_TEXT_WARNING": "rgb(152, 96, 0)",
  "COLOR_TEXT_WEAK": "rgb(117, 117, 117)"
}